order_id,customer_id,order_date,channel,status,region,order_total
101690,33,2024-06-13,Online,Completed,South,75.88
101798,140,2024-03-15,Online,Completed,East,91.66
100417,61,2023-12-23,Online,Completed,West,187.39
101599,373,2023-05-07,Online,Completed,North,212.7
101206,141,2023-08-31,Store,Completed,East,124.77
100647,554,2023-03-19,Store,Cancelled,West,39.31
102368,533,2023-04-27,Online,Completed,South,33.51
100080,587,2024-02-26,Online,Completed,South,102.17
101043,59,2023-10-06,Online,Completed,East,304.53
101260,384,2023-11-06,Store,Completed,North,331.62
102830,540,2023-09-25,Online,Completed,South,222.95
100025,34,2023-12-04,Online,Completed,South,170.45
100805,14,2024-10-23,Online,Completed,West,107.86
100884,280,2024-11-13,Online,Completed,South,58.47
102797,415,2024-03-11,Store,Completed,South,141.31
102157,507,2024-08-22,Online,Completed,West,367.33
100101,174,2023-09-16,Store,Completed,East,363.56
100856,225,2023-11-14,Online,Completed,West,311.79
100242,73,2024-09-03,Online,Completed,South,183.95
102531,387,2024-09-23,Online,Completed,East,177.29
101945,477,2023-10-31,Online,Completed,West,420.55
100667,96,2024-07-01,Store,Completed,East,317.95
102230,337,2024-01-26,Online,Completed,West,407.94
101342,229,2024-04-07,Online,Completed,West,59.16
100315,293,2023-10-15,Online,Completed,East,91.77
100664,211,2024-12-15,Online,Completed,East,229.25
102869,573,2024-12-14,Online,Completed,North,96.94
102992,257,2023-12-28,Store,Completed,East,89.18
101002,31,2023-04-17,Online,Completed,North,529.84
100638,600,2024-05-16,Online,Completed,East,400.71
100335,297,2024-11-20,Online,Completed,West,37.0
102805,78,2024-07-10,Online,Completed,East,18.31
100717,240,2023-08-28,Online,Completed,South,67.16
101402,239,2023-04-10,Online,Completed,South,353.2
102226,95,2023-01-14,Online,Completed,East,148.69
100850,492,2024-07-03,Online,Completed,South,167.76
102113,508,2023-12-16,Store,Completed,East,159.35
100275,494,2023-09-10,Online,Completed,East,42.17
102199,107,2023-10-25,Store,Completed,West,35.3
100420,2,2024-03-24,Store,Completed,North,109.75
100577,292,2024-03-27,Online,Completed,South,272.03
100591,316,2023-05-01,Online,Completed,East,284.17
101481,582,2023-07-26,Store,Completed,South,162.6
100439,304,2023-06-13,Store,Completed,West,233.03
100934,552,2023-01-13,Store,Completed,North,285.62
101720,269,2024-01-03,Store,Completed,East,501.41
100289,15,2024-01-25,Online,Completed,South,373.77
101998,459,2024-09-17,Online,Cancelled,North,356.35
100134,289,2023-12-06,Store,Completed,North,38.75
100084,16,2023-10-09,Online,Completed,East,57.23
101415,393,2024-11-07,Online,Completed,West,307.68
100777,315,2023-05-07,Online,Completed,South,72.89
101185,32,2023-10-15,Store,Cancelled,North,208.2
100973,264,2024-01-13,Store,Completed,East,447.2
101351,271,2023-12-17,Online,Completed,West,257.17
101549,218,2024-05-18,Online,Completed,West,317.42
101518,7,2023-09-28,Online,Completed,South,141.96
100797,90,2023-11-05,Online,Completed,East,57.84
100565,250,2024-08-02,Online,Completed,East,406.57
100033,421,2024-12-02,Online,Completed,South,495.34
100222,385,2023-11-12,Online,Completed,East,7.67
101294,595,2024-09-18,Online,Completed,South,213.28
102598,277,2024-04-20,Online,Completed,North,515.31
100179,174,2024-03-23,Online,Completed,East,401.42
101553,330,2023-08-22,Online,Completed,East,45.66
102987,388,2024-11-24,Online,Completed,West,11.55
101035,15,2023-10-26,Store,Returned,South,464.14
102370,224,2023-09-20,Online,Completed,East,41.78
102799,315,2023-09-18,Store,Completed,South,29.29
101832,592,2024-04-11,Store,Returned,West,559.04
102858,526,2023-08-24,Online,Completed,South,27.59
101663,34,2023-04-15,Online,Completed,South,124.77
100641,461,2024-10-09,Online,Completed,East,637.61
101746,528,2024-08-22,Store,Completed,North,41.07
100704,215,2024-11-01,Store,Completed,East,456.57
100610,111,2023-10-15,Store,Completed,East,483.71
101796,437,2024-03-20,Store,Completed,West,59.4
101591,93,2024-12-22,Store,Completed,South,84.43
100015,169,2023-05-30,Online,Completed,East,261.77
101571,425,2024-06-11,Store,Completed,East,43.25
102340,281,2023-12-24,Store,Completed,South,51.72
100957,551,2024-11-20,Store,Cancelled,East,519.13
101064,322,2023-09-29,Online,Completed,West,53.26
102588,586,2024-07-06,Online,Completed,West,277.97
102020,422,2024-08-01,Online,Completed,North,240.65
101769,328,2023-07-25,Online,Completed,West,118.53
100958,518,2023-02-23,Online,Completed,East,278.51
100527,393,2024-05-16,Online,Completed,West,135.19
102628,359,2024-01-14,Store,Completed,South,58.87
102463,276,2024-07-12,Store,Completed,North,40.63
102168,345,2024-09-06,Store,Completed,West,89.2
100465,200,2024-12-21,Online,Completed,North,52.54
102416,177,2023-07-02,Online,Completed,West,86.73
102120,431,2024-12-19,Online,Cancelled,South,92.94
101768,204,2023-05-21,Online,Completed,West,41.97
102516,107,2023-12-05,Store,Completed,West,30.15
101797,357,2024-10-10,Online,Completed,South,116.13
101204,316,2023-06-27,Online,Completed,East,85.69
100469,75,2024-07-03,Online,Completed,South,37.39
102923,349,2023-06-11,Online,Completed,North,89.27
102857,424,2023-05-02,Online,Completed,West,446.98
100310,482,2024-05-17,Online,Completed,East,573.93
101754,32,2024-08-17,Online,Completed,North,51.17
102733,25,2023-08-13,Store,Completed,West,282.49
102001,212,2024-09-18,Online,Completed,South,436.81
100547,291,2024-05-18,Online,Completed,West,238.41
102096,470,2024-01-08,Store,Completed,North,49.99
101800,573,2024-03-15,Store,Completed,North,300.53
102758,585,2024-05-31,Online,Returned,West,323.25
101102,492,2023-05-14,Online,Completed,South,80.78
102538,421,2024-08-03,Store,Cancelled,South,25.19
100188,219,2023-01-31,Store,Completed,West,37.14
100380,307,2023-04-19,Online,Completed,South,81.27
102834,81,2024-01-10,Store,Cancelled,North,145.12
101999,526,2024-01-24,Store,Completed,South,49.41
102456,233,2023-02-01,Store,Completed,North,176.89
100748,374,2023-11-17,Store,Completed,West,141.82
101032,508,2024-11-09,Online,Completed,East,231.15
102267,291,2024-03-02,Store,Completed,West,157.8
102590,556,2024-10-31,Online,Completed,North,238.18
102535,472,2024-08-21,Online,Completed,South,146.12
101186,40,2023-03-01,Store,Completed,West,124.1
102958,334,2023-03-16,Online,Completed,West,343.69
102832,170,2024-03-09,Store,Completed,East,177.56
102933,312,2024-06-14,Online,Completed,North,162.11
100875,94,2023-09-08,Store,Completed,South,156.29
102042,303,2023-02-25,Store,Completed,East,288.95
100917,457,2024-06-07,Online,Completed,North,176.18
101895,371,2023-10-04,Online,Completed,South,180.46
101608,313,2024-04-30,Store,Completed,West,144.11
102015,310,2023-01-13,Store,Completed,North,256.23
100263,255,2024-05-19,Online,Completed,South,127.94
100085,537,2024-07-02,Store,Completed,North,443.01
101134,493,2024-03-12,Online,Completed,South,122.81
102419,110,2023-03-14,Online,Completed,East,4.71
101285,256,2023-01-02,Online,Completed,East,275.24
101807,70,2024-01-18,Online,Completed,East,270.38
102311,186,2023-06-08,Online,Completed,South,234.98
102442,369,2023-03-16,Store,Completed,North,58.41
100045,287,2024-05-15,Online,Completed,North,88.27
101778,325,2024-05-14,Online,Completed,North,440.6
100554,466,2024-08-01,Online,Completed,North,120.05
102828,388,2024-08-22,Online,Completed,West,77.61
101623,207,2023-08-08,Online,Completed,South,425.63
102063,147,2023-08-29,Online,Completed,East,123.79
102163,102,2023-06-27,Store,Completed,South,88.59
100988,381,2023-01-07,Online,Completed,South,392.04
102553,542,2024-11-26,Online,Completed,East,169.02
100779,10,2024-01-29,Online,Completed,North,466.29
101356,335,2024-07-14,Online,Cancelled,West,460.26
101878,151,2023-05-07,Store,Completed,East,91.38
101396,462,2023-10-29,Online,Completed,North,191.9
101094,119,2023-04-07,Store,Completed,West,246.52
101856,294,2024-01-11,Store,Completed,East,24.67
101179,117,2023-07-04,Online,Completed,East,86.1
100967,260,2023-11-15,Online,Returned,North,221.84
102101,129,2024-07-27,Store,Completed,North,216.59
101203,470,2023-12-30,Online,Completed,North,53.46
102324,240,2024-01-02,Online,Completed,South,166.5
100618,105,2024-08-09,Store,Completed,East,253.88
100742,430,2023-03-14,Online,Completed,West,124.5
101318,76,2024-12-10,Online,Completed,North,176.63
101765,403,2024-02-28,Store,Completed,North,56.71
101020,374,2023-03-28,Online,Completed,West,194.1
101655,470,2023-08-12,Store,Completed,North,31.94
100800,341,2024-09-13,Online,Completed,East,29.93
102394,303,2023-08-04,Online,Completed,East,28.45
102752,446,2024-01-30,Online,Completed,West,25.78
100198,68,2023-07-10,Online,Completed,South,189.8
101052,381,2023-06-18,Online,Completed,South,179.74
102850,135,2023-11-11,Online,Completed,North,104.72
100597,444,2024-12-28,Online,Completed,South,93.23
102028,453,2024-09-25,Online,Completed,South,189.77
101898,21,2024-12-18,Store,Completed,East,64.09
100645,116,2024-01-20,Store,Completed,North,242.69
102788,51,2024-03-15,Online,Completed,South,169.73
101786,67,2024-04-07,Store,Completed,East,74.4
101572,276,2023-06-12,Online,Completed,North,244.7
101587,534,2023-02-03,Online,Completed,South,312.33
101658,302,2024-11-24,Store,Completed,East,236.38
101691,244,2023-09-04,Online,Completed,East,135.26
101837,249,2024-03-20,Store,Completed,North,71.09
102005,72,2024-05-09,Store,Completed,North,86.9
101224,311,2023-06-29,Store,Completed,East,66.16
101908,349,2024-05-24,Online,Completed,North,288.55
100649,470,2023-04-06,Online,Completed,North,64.14
102380,383,2023-02-14,Store,Completed,East,291.74
102942,21,2023-12-23,Online,Completed,East,74.93
101078,24,2024-12-29,Online,Completed,West,190.55
100220,92,2023-04-04,Online,Completed,East,174.52
102778,150,2023-01-02,Online,Completed,East,47.89
101884,150,2023-07-30,Online,Completed,East,34.75
102575,412,2023-01-20,Online,Completed,North,117.54
102071,241,2024-04-02,Online,Completed,West,256.8
100305,368,2024-02-12,Online,Completed,North,42.37
101068,552,2024-12-03,Store,Completed,North,225.77
100658,362,2024-08-18,Store,Completed,North,85.0
102276,24,2024-03-29,Online,Completed,West,323.74
101672,488,2023-10-17,Online,Completed,East,161.9
101188,226,2024-06-26,Online,Completed,West,363.91
102545,375,2023-09-10,Online,Completed,South,49.32
101208,40,2023-11-22,Online,Completed,West,209.81
101840,330,2023-12-17,Online,Completed,East,155.43
102814,474,2023-05-01,Store,Completed,East,167.66
100799,4,2024-06-14,Online,Completed,West,155.22
101569,251,2024-01-18,Store,Completed,East,15.28
102415,241,2023-02-25,Online,Completed,West,46.5
100977,291,2023-11-08,Store,Completed,West,183.93
101375,104,2024-02-24,Online,Completed,West,251.63
100235,17,2024-02-22,Store,Completed,North,9.71
101099,302,2023-01-13,Online,Completed,East,349.65
101335,63,2023-04-14,Store,Completed,North,123.44
101216,107,2024-08-04,Online,Completed,West,40.16
100148,93,2023-10-15,Store,Completed,South,81.51
100501,180,2023-11-17,Online,Completed,South,258.7
100994,305,2024-10-13,Store,Completed,East,76.59
101980,270,2024-12-07,Online,Completed,South,83.38
101373,176,2023-07-30,Online,Returned,West,145.0
101727,225,2023-10-28,Store,Completed,West,43.7
102145,224,2024-04-06,Online,Completed,East,606.02
102663,401,2024-06-12,Store,Completed,East,204.89
102448,191,2023-11-05,Online,Completed,North,135.51
100984,334,2023-07-20,Online,Completed,West,51.54
100743,359,2023-08-23,Store,Completed,South,62.48
102202,229,2024-11-19,Online,Completed,West,26.54
100206,183,2023-09-10,Online,Completed,South,116.0
102472,551,2024-07-20,Online,Completed,East,224.0
100559,492,2023-10-09,Online,Completed,South,86.37
100707,475,2023-03-26,Store,Completed,West,38.61
102417,103,2023-09-15,Store,Completed,South,263.71
100208,310,2023-03-17,Online,Completed,North,167.95
100803,27,2024-02-06,Store,Completed,North,414.57
102315,10,2024-09-03,Online,Completed,North,47.03
101667,183,2024-01-19,Online,Completed,South,87.36
100423,537,2023-11-23,Online,Completed,North,58.03
101907,251,2023-04-19,Online,Completed,East,115.69
102530,405,2023-12-03,Store,Completed,West,91.9
100299,229,2024-09-09,Store,Completed,West,234.41
101780,501,2024-10-08,Store,Completed,West,492.49
100319,516,2024-07-31,Online,Completed,North,148.11
101003,585,2023-07-30,Online,Completed,West,68.64
101360,161,2024-09-20,Store,Completed,North,239.47
102280,309,2024-12-27,Online,Completed,South,658.78
102224,424,2023-10-20,Online,Completed,West,315.9
101037,567,2023-11-19,Online,Completed,West,125.87
100709,111,2024-11-11,Store,Returned,East,89.98
100711,67,2023-06-19,Online,Completed,East,96.7
102209,592,2024-12-11,Online,Returned,West,396.49
101689,354,2023-06-03,Online,Completed,South,116.99
101724,277,2024-11-04,Store,Completed,North,156.67
100835,246,2023-08-09,Store,Cancelled,West,40.46
100838,439,2024-02-12,Online,Completed,West,208.28
101364,459,2024-03-17,Online,Completed,North,126.5
100670,28,2024-03-15,Store,Cancelled,East,153.86
101804,106,2023-02-08,Online,Completed,West,218.79
100511,26,2024-02-02,Online,Completed,West,36.31
102126,201,2024-02-24,Store,Completed,East,329.08
100236,292,2023-04-16,Store,Completed,South,48.72
102734,159,2024-02-25,Store,Completed,East,212.28
100732,121,2024-03-31,Online,Cancelled,West,261.72
100589,224,2023-03-31,Online,Completed,East,154.12
101711,121,2023-07-14,Store,Completed,West,269.1
100906,406,2024-03-15,Store,Completed,North,45.59
100086,502,2023-10-21,Online,Completed,North,43.5
102247,77,2023-02-03,Store,Completed,West,20.22
102016,345,2024-12-22,Online,Completed,West,93.88
101984,89,2023-06-20,Online,Completed,West,411.09
100767,315,2024-10-05,Online,Completed,South,243.64
100104,86,2024-02-11,Online,Completed,East,20.61
100257,535,2024-01-25,Store,Completed,East,123.98
101304,199,2023-12-22,Store,Returned,West,26.07
102771,557,2023-05-01,Store,Completed,West,77.23
100720,186,2023-04-04,Online,Completed,South,345.14
102399,224,2024-03-10,Online,Completed,East,152.71
100343,224,2023-06-07,Online,Completed,East,5.25
101828,74,2023-03-08,Store,Completed,East,9.22
101397,135,2024-11-08,Online,Completed,North,193.53
100729,420,2023-08-20,Store,Completed,North,318.47
101522,308,2024-08-08,Store,Completed,East,464.1
102437,127,2024-09-25,Online,Completed,East,719.45
101680,206,2024-10-17,Store,Completed,West,104.56
100524,15,2023-06-27,Online,Completed,South,75.04
100982,445,2024-08-28,Online,Completed,North,123.14
102597,402,2023-05-18,Store,Completed,South,114.74
100141,138,2024-12-09,Online,Cancelled,North,46.84
101918,562,2023-10-30,Online,Completed,North,69.09
101863,589,2024-07-01,Online,Completed,West,100.18
102676,459,2023-03-20,Online,Completed,North,128.68
101049,69,2023-04-22,Online,Completed,West,823.21
101462,437,2024-05-29,Online,Completed,West,73.42
101079,60,2023-09-12,Online,Completed,South,258.8
100476,380,2023-09-26,Online,Cancelled,West,374.54
102960,103,2023-10-29,Store,Completed,South,606.32
100697,218,2024-12-06,Store,Completed,West,85.64
102343,488,2024-11-10,Online,Completed,East,350.92
102257,522,2024-02-03,Store,Completed,North,199.14
102273,321,2023-09-15,Store,Completed,South,89.43
102694,185,2024-05-05,Store,Cancelled,East,159.5
101386,195,2024-02-07,Online,Completed,West,305.46
100127,153,2023-01-10,Online,Completed,West,103.38
100558,425,2023-02-03,Online,Completed,East,95.2
100895,283,2023-12-22,Store,Completed,South,267.37
102225,540,2024-03-08,Online,Returned,South,175.61
102823,494,2024-01-06,Online,Completed,East,45.92
100728,217,2024-08-30,Store,Completed,West,222.8
100094,515,2023-04-09,Online,Completed,East,73.6
100103,467,2023-10-01,Online,Completed,West,213.56
100537,372,2024-05-11,Online,Completed,East,77.1
100387,586,2024-07-25,Online,Completed,West,58.34
101459,418,2023-03-22,Online,Completed,West,241.96
100736,3,2023-12-18,Store,Completed,East,561.14
102724,475,2024-11-08,Online,Cancelled,West,126.28
100541,132,2024-07-29,Store,Completed,South,551.36
102925,357,2023-10-10,Online,Completed,South,64.3
101473,528,2023-08-05,Online,Completed,North,46.15
100972,268,2023-01-09,Online,Completed,South,195.27
100383,434,2023-09-22,Online,Completed,South,481.66
102392,544,2024-10-03,Online,Completed,West,84.36
102133,340,2024-02-07,Online,Completed,North,25.94
101448,471,2023-03-04,Store,Completed,North,615.4
102243,247,2024-12-08,Online,Completed,East,424.45
101578,347,2023-05-19,Online,Completed,South,389.06
101986,593,2023-05-16,Online,Completed,South,66.15
102816,2,2023-01-08,Store,Completed,North,158.01
100119,320,2023-04-06,Online,Completed,West,716.48
100987,568,2023-06-04,Online,Completed,South,296.18
102114,307,2023-12-30,Online,Completed,South,141.89
101006,383,2024-03-05,Online,Completed,East,357.75
102852,144,2023-12-19,Store,Completed,West,55.63
102367,588,2024-01-26,Store,Completed,South,142.48
102760,153,2024-03-05,Online,Completed,West,44.86
101982,493,2024-03-07,Store,Completed,South,247.94
101740,240,2023-08-17,Online,Completed,South,193.57
102906,138,2024-06-14,Store,Returned,North,122.81
102701,537,2023-01-23,Store,Cancelled,North,73.26
100395,502,2024-04-19,Store,Completed,North,46.08
102440,501,2023-02-16,Online,Completed,West,56.51
101927,35,2023-08-29,Online,Completed,West,67.22
102503,245,2024-07-16,Store,Completed,West,492.39
100249,302,2024-02-02,Store,Completed,East,249.51
100613,240,2023-06-22,Store,Completed,South,330.76
101582,94,2023-06-27,Online,Completed,South,156.38
100252,246,2023-09-06,Online,Completed,West,74.57
102195,523,2023-08-11,Online,Completed,South,117.42
101259,64,2023-12-11,Online,Completed,South,561.06
101123,243,2023-02-13,Online,Completed,South,54.63
102232,457,2023-02-24,Store,Completed,North,68.03
100368,62,2023-12-30,Online,Completed,North,502.95
101469,44,2023-05-04,Store,Completed,North,52.11
100595,79,2024-12-06,Store,Completed,North,103.95
100336,383,2024-05-26,Store,Completed,East,160.55
102985,536,2024-10-10,Online,Completed,West,38.27
102703,342,2023-02-14,Store,Cancelled,South,229.01
100353,263,2024-06-02,Store,Completed,North,63.47
102116,168,2023-10-26,Online,Completed,South,419.65
101924,367,2024-12-05,Store,Completed,East,56.44
102473,28,2024-07-22,Store,Completed,East,197.18
100418,397,2024-05-02,Store,Completed,North,303.13
102466,23,2023-05-28,Online,Completed,South,875.43
102102,557,2024-09-26,Store,Completed,West,281.1
101051,30,2023-04-19,Store,Completed,South,180.01
100493,184,2024-11-20,Online,Completed,West,128.78
100189,36,2024-10-11,Online,Completed,West,180.64
102659,581,2024-06-13,Store,Completed,East,116.2
101256,125,2024-02-10,Online,Completed,East,136.4
101881,478,2024-04-30,Online,Completed,South,234.75
102861,384,2023-06-15,Online,Completed,North,614.08
102266,346,2024-02-01,Online,Completed,West,416.29
101721,178,2024-06-03,Store,Cancelled,North,291.96
102746,72,2024-04-09,Online,Cancelled,North,342.46
101846,160,2023-01-20,Online,Completed,East,458.93
102765,477,2024-05-02,Store,Completed,West,322.82
101193,260,2023-04-13,Online,Completed,North,28.78
100712,57,2023-02-23,Store,Completed,East,155.58
102783,36,2024-03-06,Online,Cancelled,West,136.94
100360,465,2024-07-03,Online,Completed,West,322.9
100602,151,2024-09-22,Online,Completed,East,231.04
100769,100,2024-02-26,Store,Completed,South,261.82
100428,85,2023-04-28,Online,Completed,East,303.25
101096,321,2023-04-15,Store,Returned,South,190.43
102705,129,2024-08-10,Online,Completed,North,249.33
101413,441,2024-04-27,Online,Completed,West,81.6
100909,405,2023-03-07,Online,Completed,West,370.62
101390,526,2023-06-07,Online,Completed,South,547.36
102801,176,2023-08-27,Online,Completed,West,400.41
101058,543,2024-07-02,Store,Completed,North,35.22
100204,264,2024-09-25,Online,Completed,East,178.21
101077,530,2023-04-04,Store,Completed,North,303.4
102578,125,2023-02-01,Store,Completed,East,210.24
102014,342,2023-11-18,Online,Cancelled,South,36.06
102090,193,2024-07-29,Store,Completed,North,202.29
102630,142,2023-02-13,Online,Completed,East,38.48
101332,468,2023-12-26,Online,Completed,South,48.35
100184,91,2024-09-20,Store,Completed,East,196.11
101170,439,2024-05-06,Online,Completed,West,298.62
102194,208,2024-10-09,Online,Completed,North,47.33
101255,157,2024-11-09,Online,Completed,East,177.42
100966,561,2023-10-17,Online,Completed,East,182.27
102950,155,2024-08-11,Store,Completed,East,117.93
102236,18,2023-10-01,Online,Completed,East,67.34
101034,114,2023-08-31,Online,Completed,East,86.4
100440,393,2023-12-05,Online,Completed,West,641.35
101642,294,2023-08-18,Store,Completed,East,114.25
101471,533,2023-06-27,Store,Completed,South,153.04
100616,513,2023-10-27,Store,Completed,East,453.77
102156,401,2024-03-19,Online,Completed,East,40.97
102112,172,2023-01-03,Online,Completed,West,79.78
102817,388,2024-01-20,Online,Completed,West,440.34
102013,388,2024-11-01,Online,Returned,West,264.79
101561,41,2024-10-23,Online,Completed,North,139.8
101696,403,2023-11-24,Online,Completed,North,27.09
100853,267,2023-06-06,Online,Completed,East,242.43
101284,270,2023-07-01,Online,Completed,South,121.51
100996,578,2023-01-10,Store,Completed,East,236.24
101566,509,2024-02-21,Online,Completed,East,152.81
102131,55,2023-07-12,Online,Completed,South,327.43
100364,241,2023-04-22,Store,Completed,West,57.74
102386,132,2023-03-26,Online,Completed,South,188.42
100627,140,2024-11-02,Online,Completed,East,154.66
101737,404,2023-04-02,Store,Completed,North,808.62
101066,389,2023-04-03,Online,Completed,West,50.95
102235,205,2023-07-24,Store,Completed,East,106.3
102033,531,2024-05-08,Online,Completed,West,72.71
100574,69,2024-01-11,Online,Completed,West,59.95
100784,454,2023-09-11,Online,Completed,North,307.47
101290,569,2023-02-03,Online,Completed,West,97.31
102603,555,2024-01-08,Online,Completed,West,519.12
102776,80,2024-09-09,Online,Completed,East,41.31
102729,10,2024-09-13,Store,Completed,North,44.97
102695,134,2024-05-05,Store,Completed,East,379.61
102002,345,2023-01-30,Store,Cancelled,West,45.16
100200,477,2024-08-22,Online,Cancelled,West,99.88
102667,297,2024-05-13,Store,Completed,West,358.19
102404,380,2024-03-21,Store,Completed,West,80.99
102594,558,2023-08-17,Online,Completed,West,408.7
102150,399,2023-05-18,Online,Completed,North,302.11
101762,384,2024-01-26,Online,Completed,North,123.5
100882,550,2023-02-26,Online,Completed,North,50.27
101698,136,2023-05-24,Store,Completed,North,449.45
102069,340,2023-04-01,Store,Completed,North,112.43
100961,314,2024-06-12,Online,Completed,North,150.14
102333,479,2024-06-01,Store,Completed,East,149.71
102214,487,2023-12-27,Store,Completed,West,214.68
101889,304,2023-11-05,Store,Completed,West,12.63
101703,481,2023-09-23,Online,Completed,North,173.49
102245,509,2023-07-28,Store,Completed,East,41.92
101477,564,2024-03-09,Online,Completed,West,544.73
101589,285,2023-02-21,Online,Completed,West,185.73
100553,186,2023-03-26,Online,Completed,South,118.54
100384,448,2023-08-16,Online,Cancelled,North,972.14
101262,579,2023-05-20,Store,Completed,East,64.02
100626,366,2023-10-11,Online,Completed,North,635.38
102155,24,2024-07-20,Online,Completed,West,253.8
100190,22,2023-10-07,Online,Returned,East,220.96
100576,405,2023-02-12,Store,Completed,West,270.6
100621,280,2024-11-26,Online,Completed,South,76.81
100431,307,2024-10-25,Online,Completed,South,163.62
100471,270,2024-01-10,Online,Completed,South,346.24
101310,231,2024-11-17,Store,Completed,South,154.15
102927,140,2023-12-28,Online,Completed,East,233.17
100730,382,2024-06-15,Online,Completed,East,305.84
102748,402,2024-08-27,Online,Completed,South,47.79
100419,585,2023-04-10,Store,Returned,West,179.02
102356,193,2024-11-15,Online,Completed,North,162.52
101340,357,2023-08-19,Online,Completed,South,368.73
102917,40,2024-11-21,Online,Completed,West,450.75
102088,274,2023-11-08,Store,Completed,East,254.54
102075,277,2024-10-31,Online,Completed,North,69.34
101275,158,2023-08-17,Store,Completed,East,191.38
102720,543,2024-09-05,Online,Completed,North,209.76
101901,499,2023-04-18,Online,Completed,South,167.98
100153,65,2023-07-03,Online,Completed,East,53.56
101362,594,2024-12-22,Online,Returned,North,356.35
100861,90,2024-07-03,Online,Completed,East,5.47
101182,61,2024-09-03,Online,Completed,West,35.52
102144,141,2023-05-07,Online,Completed,East,156.07
100546,258,2024-12-02,Store,Completed,North,86.18
102860,84,2024-12-17,Store,Returned,South,348.39
101597,321,2024-02-11,Store,Completed,South,50.1
100114,154,2024-12-01,Online,Completed,West,186.62
101074,493,2023-08-09,Online,Completed,South,166.23
102085,115,2024-09-10,Online,Completed,South,55.93
102848,138,2024-05-10,Online,Completed,North,72.9
102121,46,2023-04-19,Store,Completed,East,53.43
100108,579,2024-04-15,Online,Completed,East,63.0
100916,451,2024-04-11,Online,Completed,North,49.74
102756,75,2023-07-27,Online,Completed,South,334.55
100714,296,2024-10-02,Online,Completed,South,180.11
102712,195,2024-08-09,Store,Completed,West,115.17
101827,245,2023-06-21,Online,Completed,West,110.95
100814,212,2024-08-31,Online,Completed,South,194.65
102078,456,2024-02-18,Online,Completed,South,121.04
100706,259,2023-09-14,Store,Completed,West,240.06
102886,33,2024-01-15,Online,Completed,South,53.25
100449,221,2024-10-17,Online,Completed,North,45.9
102707,199,2023-06-14,Online,Completed,West,36.43
102972,115,2024-05-10,Online,Completed,South,36.69
100646,298,2024-04-07,Online,Completed,West,373.29
100348,17,2024-09-04,Store,Completed,North,170.44
100590,462,2024-03-25,Online,Completed,North,589.38
101269,120,2023-06-28,Online,Completed,East,70.14
102034,319,2023-12-21,Store,Completed,East,34.56
102877,586,2023-04-04,Online,Completed,West,151.54
102973,173,2023-09-07,Store,Completed,North,240.85
100773,470,2023-08-11,Online,Completed,North,148.94
100043,368,2023-05-24,Store,Completed,North,330.27
101563,278,2023-07-12,Online,Completed,South,196.75
101127,148,2024-08-10,Store,Completed,West,48.19
102153,350,2024-06-27,Online,Completed,East,430.65
102396,62,2024-10-06,Store,Completed,North,135.89
100118,498,2023-02-02,Store,Completed,North,486.36
102489,194,2024-10-23,Online,Completed,South,106.88
101116,567,2023-07-22,Online,Completed,West,38.52
101087,509,2023-06-28,Online,Completed,East,238.19
101250,439,2024-06-22,Online,Completed,West,28.54
102454,209,2024-02-09,Store,Completed,North,41.2
102205,389,2024-10-27,Store,Completed,West,242.49
100605,429,2023-07-31,Online,Completed,South,125.87
102498,235,2023-04-28,Online,Returned,North,46.79
101637,258,2023-05-16,Store,Completed,North,274.87
101414,200,2024-05-15,Online,Completed,North,177.05
102403,183,2024-12-20,Store,Completed,South,196.01
101293,532,2023-11-22,Store,Completed,East,38.37
102138,322,2023-04-21,Online,Completed,West,112.62
101103,355,2023-07-22,Online,Completed,South,123.5
102271,299,2023-02-25,Online,Completed,East,204.6
101565,152,2023-08-05,Online,Completed,North,90.55
102593,389,2024-02-06,Online,Returned,West,31.19
101107,469,2024-10-07,Online,Cancelled,East,250.05
101131,330,2023-01-31,Online,Completed,East,383.42
100058,204,2024-10-07,Store,Completed,West,107.38
102334,568,2023-06-13,Store,Completed,South,36.02
100518,218,2023-07-10,Online,Returned,West,42.97
102029,137,2023-04-08,Online,Completed,West,20.53
102464,338,2023-10-30,Online,Completed,East,77.81
100129,194,2023-06-25,Online,Completed,South,212.19
102062,557,2024-02-17,Online,Completed,West,49.6
100132,505,2024-03-20,Online,Completed,West,180.5
101869,192,2023-04-21,Online,Cancelled,East,119.72
102167,23,2024-11-04,Online,Completed,South,291.75
101932,89,2023-04-24,Online,Completed,West,161.33
100063,347,2023-01-10,Online,Completed,South,85.34
100227,140,2023-05-16,Online,Completed,East,32.42
102406,423,2023-03-15,Online,Completed,East,197.74
100823,188,2024-03-06,Online,Completed,East,10.49
101196,562,2023-09-04,Online,Completed,North,193.96
102306,487,2023-09-19,Store,Completed,West,72.8
100569,334,2023-04-26,Online,Completed,West,167.97
102496,113,2023-09-16,Store,Completed,South,133.75
101852,351,2024-08-26,Store,Completed,North,123.12
101491,234,2024-02-11,Online,Completed,East,34.06
100237,457,2023-01-27,Online,Completed,North,161.1
100989,493,2024-02-24,Online,Completed,South,114.63
100309,6,2024-10-10,Online,Completed,North,55.9
101467,77,2024-09-27,Online,Completed,West,153.3
101031,490,2024-03-21,Online,Completed,North,98.72
100680,514,2024-08-02,Online,Completed,West,396.58
101461,163,2023-02-05,Store,Completed,West,266.58
100176,569,2023-12-21,Online,Completed,West,124.32
102084,512,2023-04-04,Online,Completed,West,27.62
102147,497,2024-11-05,Online,Completed,West,217.62
102500,561,2024-11-18,Online,Completed,East,54.09
101215,330,2023-12-27,Store,Completed,East,281.86
102197,208,2023-08-03,Online,Completed,North,282.97
100673,409,2023-10-02,Online,Completed,East,353.68
102347,143,2023-10-28,Online,Cancelled,North,36.49
101207,562,2024-08-29,Online,Completed,North,74.25
102186,563,2024-12-17,Online,Completed,West,184.57
100304,567,2023-07-01,Store,Completed,West,156.37
100914,308,2023-03-20,Online,Completed,East,136.62
100504,132,2023-11-09,Store,Completed,South,80.31
100403,7,2024-05-09,Store,Completed,South,65.19
102432,433,2024-11-20,Store,Cancelled,East,152.33
101971,165,2024-01-17,Store,Completed,South,305.91
100373,9,2024-07-30,Online,Completed,North,30.04
101833,140,2024-06-16,Online,Returned,East,142.78
101436,18,2023-06-04,Store,Completed,East,353.44
100809,468,2024-01-31,Online,Completed,South,182.84
102969,434,2024-03-29,Online,Completed,South,616.14
102488,182,2024-02-27,Online,Completed,West,49.36
101247,255,2024-12-22,Online,Completed,South,128.14
101781,233,2023-07-01,Online,Completed,North,201.01
101892,263,2023-04-14,Online,Completed,North,100.98
102763,595,2023-04-09,Online,Completed,South,342.31
101723,435,2023-06-24,Online,Completed,East,72.19
100949,206,2024-03-02,Online,Completed,West,292.86
102053,415,2023-09-04,Store,Completed,South,100.13
102536,313,2023-06-06,Store,Completed,West,967.8
100601,303,2023-06-19,Store,Cancelled,East,369.03
102287,298,2023-07-18,Store,Completed,West,353.28
102292,88,2023-03-18,Online,Completed,East,148.86
100746,279,2023-04-15,Store,Returned,South,226.34
101736,535,2024-11-01,Store,Completed,East,617.05
100846,463,2024-12-19,Online,Completed,West,401.85
100923,134,2024-01-12,Store,Completed,East,452.03
100813,179,2024-10-15,Online,Completed,South,425.2
100174,41,2023-03-22,Online,Completed,North,148.25
102874,423,2024-02-03,Store,Cancelled,East,38.54
100243,108,2024-09-04,Store,Completed,East,93.41
100447,278,2023-07-08,Online,Completed,South,62.78
100497,219,2024-08-27,Store,Completed,West,83.53
100021,586,2024-03-03,Online,Completed,West,121.18
101710,158,2024-08-08,Online,Completed,East,199.54
102323,146,2024-07-17,Online,Completed,East,110.24
101516,316,2023-12-19,Online,Completed,East,83.05
100655,385,2024-04-10,Online,Completed,East,85.59
101619,81,2024-01-31,Online,Completed,North,84.95
101089,247,2024-02-19,Online,Completed,East,132.68
100841,149,2024-10-05,Online,Returned,East,43.73
102098,554,2023-08-17,Store,Completed,West,73.5
101338,562,2024-10-28,Store,Completed,North,75.64
100381,389,2023-01-11,Store,Completed,West,28.94
102117,105,2024-07-14,Online,Completed,East,331.24
102193,329,2024-07-20,Online,Completed,South,107.34
102320,561,2023-11-05,Online,Completed,East,211.28
102089,245,2024-06-04,Online,Returned,West,86.49
101493,206,2023-11-30,Online,Completed,West,277.08
100995,192,2024-12-11,Online,Completed,East,179.05
102912,269,2024-06-12,Online,Completed,East,52.85
101511,275,2023-04-19,Store,Completed,East,136.23
101027,193,2023-03-18,Online,Completed,North,64.51
100993,267,2023-12-21,Online,Completed,East,45.13
102951,500,2023-01-05,Online,Completed,South,122.79
101380,327,2024-11-07,Store,Completed,East,263.49
100110,176,2023-09-07,Online,Completed,West,52.56
102057,447,2024-06-03,Online,Completed,East,48.56
102809,83,2023-01-06,Online,Completed,North,39.4
101012,411,2023-04-06,Store,Completed,West,1039.06
102377,260,2024-06-04,Store,Completed,North,129.62
102739,155,2024-09-30,Store,Completed,East,99.14
102003,436,2024-12-01,Store,Cancelled,North,82.15
100196,471,2024-01-20,Store,Completed,North,31.95
102501,371,2024-08-03,Online,Completed,South,206.02
102158,408,2024-05-09,Store,Completed,East,156.13
100167,68,2024-02-03,Online,Completed,South,99.12
102639,130,2023-02-10,Online,Completed,North,281.77
100925,89,2023-09-19,Online,Completed,West,240.22
101042,167,2024-04-08,Online,Returned,North,175.28
101289,411,2024-08-04,Online,Completed,West,103.15
100354,547,2024-12-09,Online,Completed,South,25.15
102093,351,2024-11-18,Online,Completed,North,656.88
100937,92,2024-04-28,Online,Completed,East,213.43
102781,390,2024-03-17,Online,Completed,North,656.66
101167,114,2024-01-27,Online,Completed,East,366.2
100116,62,2024-10-31,Online,Completed,North,57.09
100012,390,2023-02-16,Store,Completed,North,253.51
100477,471,2024-11-17,Online,Completed,North,286.88
102233,136,2024-11-17,Store,Completed,North,119.58
101379,303,2023-09-29,Store,Completed,East,132.16
101098,44,2023-05-05,Store,Completed,North,343.13
102812,73,2024-08-14,Online,Completed,South,491.51
102310,27,2024-12-27,Online,Completed,North,232.53
100498,428,2023-03-28,Online,Completed,West,5.84
102327,378,2023-11-22,Online,Completed,South,61.52
100775,364,2023-04-13,Online,Completed,South,39.27
100221,486,2023-01-06,Store,Completed,East,124.98
100611,258,2024-09-03,Online,Completed,North,90.84
101692,75,2023-02-28,Online,Completed,South,132.17
100270,361,2023-11-03,Store,Completed,North,134.86
101266,512,2024-05-13,Online,Completed,West,114.11
102827,52,2024-10-29,Store,Completed,West,218.7
102964,41,2023-09-21,Store,Completed,North,82.99
101788,202,2023-08-03,Online,Completed,North,181.28
100024,170,2023-07-20,Store,Returned,East,47.44
100776,454,2023-05-24,Online,Completed,North,11.02
101913,515,2024-06-19,Store,Completed,East,204.8
101045,68,2023-03-18,Online,Cancelled,South,352.35
101313,532,2024-04-02,Store,Completed,East,243.79
101868,114,2024-11-08,Store,Completed,East,68.92
101126,457,2023-06-22,Online,Completed,North,182.29
100903,452,2023-05-01,Online,Completed,East,512.72
102262,357,2024-12-10,Online,Completed,South,358.19
102662,199,2023-08-17,Store,Completed,West,70.92
101268,491,2023-11-21,Store,Completed,West,332.6
101233,520,2024-06-23,Online,Completed,South,310.16
101701,303,2024-05-24,Store,Completed,East,193.35
102339,247,2023-04-05,Online,Completed,East,149.09
102665,310,2023-12-28,Store,Completed,North,140.94
100031,505,2024-07-17,Store,Completed,West,263.13
102189,255,2024-12-19,Store,Completed,South,115.08
101457,78,2024-05-02,Online,Completed,East,306.94
100723,23,2023-01-02,Online,Completed,South,327.35
101586,22,2023-09-13,Store,Completed,East,60.27
101316,267,2023-08-03,Store,Completed,East,54.71
101411,312,2023-11-12,Online,Completed,North,158.29
102429,151,2023-11-20,Online,Returned,East,38.67
100975,420,2023-10-26,Online,Completed,North,137.96
100735,68,2024-12-13,Store,Completed,South,23.62
100164,568,2024-07-31,Store,Completed,South,43.92
101732,395,2024-07-26,Store,Completed,South,226.31
101693,322,2024-09-06,Online,Completed,West,148.11
101353,360,2024-01-20,Online,Returned,West,439.08
101887,573,2024-10-07,Store,Completed,North,436.2
100239,25,2023-12-29,Store,Completed,West,162.72
102319,170,2024-11-08,Online,Returned,East,96.12
102715,444,2023-06-20,Online,Completed,South,22.82
100689,257,2023-01-17,Online,Completed,East,127.39
100379,8,2024-03-16,Online,Completed,North,44.74
101941,306,2023-09-20,Online,Returned,South,58.46
101195,218,2024-11-03,Store,Completed,West,184.01
102589,120,2024-04-28,Store,Completed,East,276.52
101957,44,2023-04-29,Store,Completed,North,147.31
102506,414,2024-07-16,Online,Returned,West,188.6
101750,180,2024-04-26,Store,Completed,South,74.13
101191,390,2023-08-27,Online,Completed,North,81.49
100224,504,2024-01-04,Online,Completed,West,161.92
100075,50,2024-05-14,Online,Completed,East,86.65
100317,529,2024-01-09,Online,Completed,East,77.23
100402,274,2023-01-26,Online,Completed,East,47.66
100256,20,2024-12-02,Online,Completed,North,236.22
100807,88,2023-09-03,Online,Completed,East,242.25
100466,354,2023-03-06,Online,Completed,South,74.49
100074,98,2024-11-06,Online,Completed,North,230.83
100556,371,2023-08-14,Store,Completed,South,172.69
101036,12,2023-09-25,Online,Completed,South,378.23
101683,293,2023-09-25,Online,Completed,East,296.93
100004,177,2024-04-22,Store,Completed,West,286.1
102751,181,2024-01-23,Online,Completed,North,54.46
102675,497,2023-08-24,Online,Completed,West,136.41
101590,377,2024-01-05,Store,Cancelled,East,228.45
102351,408,2024-05-01,Online,Completed,East,57.44
100018,170,2024-07-20,Online,Completed,East,410.18
102652,472,2024-01-21,Online,Completed,South,76.91
102571,504,2023-09-27,Online,Completed,West,197.72
102687,583,2024-11-07,Online,Completed,North,333.32
101612,420,2023-12-19,Online,Completed,North,318.26
101770,446,2023-12-17,Online,Completed,West,317.51
101605,183,2024-08-31,Online,Completed,South,39.86
101906,131,2023-04-27,Online,Completed,South,162.28
102974,285,2023-12-14,Online,Completed,West,91.0
100328,404,2024-12-26,Online,Completed,North,38.17
102477,452,2023-01-06,Online,Returned,East,225.09
102779,53,2024-11-25,Online,Completed,North,99.89
102936,247,2023-03-12,Online,Returned,East,49.25
102961,554,2023-12-15,Online,Completed,West,291.02
100902,252,2023-10-03,Online,Completed,North,181.88
102613,320,2024-04-01,Online,Completed,West,132.74
102941,228,2024-08-19,Online,Completed,West,237.01
102372,31,2023-10-17,Store,Completed,North,274.48
101949,420,2023-04-13,Store,Completed,North,156.16
102844,396,2023-07-03,Online,Completed,East,829.59
102402,526,2024-07-04,Store,Completed,South,46.37
101234,358,2024-05-04,Online,Completed,West,354.06
101065,335,2023-05-03,Store,Completed,West,107.38
101324,10,2023-02-19,Online,Completed,North,4.7
100675,477,2023-10-18,Online,Completed,West,384.51
100266,480,2023-06-21,Online,Returned,West,182.39
102899,65,2023-06-29,Online,Completed,East,322.36
100207,80,2024-12-31,Online,Completed,East,155.72
101479,246,2024-11-30,Online,Completed,West,179.76
100215,83,2023-06-07,Online,Completed,North,149.39
101237,157,2024-09-20,Online,Completed,East,68.2
100693,234,2024-04-12,Online,Completed,East,197.56
100897,468,2024-06-13,Online,Completed,South,250.04
102219,28,2024-11-14,Online,Completed,East,189.36
100193,441,2023-08-22,Online,Completed,West,254.69
100976,274,2024-07-31,Online,Completed,East,126.06
100050,481,2024-06-20,Store,Completed,North,52.28
101420,376,2024-02-01,Store,Completed,East,632.58
102277,482,2023-08-19,Online,Returned,East,203.54
102044,419,2024-10-20,Store,Completed,West,59.01
101213,303,2024-12-21,Store,Completed,East,366.81
102534,338,2024-12-11,Store,Returned,East,143.72
101272,82,2024-12-11,Store,Completed,East,122.17
102362,109,2024-09-28,Online,Completed,South,128.72
101423,14,2024-01-26,Store,Completed,West,65.14
100969,217,2023-03-30,Store,Completed,West,57.32
101814,145,2023-01-05,Store,Completed,East,143.8
100350,494,2024-08-19,Store,Completed,East,506.76
102505,474,2024-10-22,Online,Completed,East,419.95
102125,136,2023-05-24,Online,Cancelled,North,571.17
101952,120,2023-10-25,Store,Returned,East,34.34
100682,394,2023-12-18,Online,Completed,North,94.48
102348,570,2023-08-12,Online,Completed,South,110.32
100122,493,2024-01-22,Online,Completed,South,21.18
102493,155,2023-07-08,Online,Completed,East,21.12
102562,581,2023-04-22,Online,Completed,East,31.27
102728,559,2024-04-04,Online,Completed,West,606.19
101609,271,2024-08-23,Online,Completed,West,26.5
100375,437,2024-11-24,Online,Completed,West,475.81
100219,519,2023-04-20,Online,Completed,South,283.3
102471,69,2023-01-12,Online,Completed,West,245.39
101584,593,2023-07-25,Online,Completed,South,70.59
100798,210,2023-07-30,Online,Completed,South,174.33
102977,529,2024-04-16,Store,Completed,East,39.51
101090,48,2024-04-08,Online,Completed,North,42.21
101050,222,2023-06-09,Store,Completed,West,30.46
100429,42,2023-01-24,Store,Completed,North,172.71
102361,169,2024-09-20,Online,Completed,East,190.32
101483,356,2023-06-01,Online,Completed,East,144.55
101728,171,2023-04-10,Online,Completed,West,55.06
102435,569,2023-01-07,Online,Completed,West,136.4
100502,409,2023-05-01,Online,Completed,East,67.37
101936,85,2023-06-02,Online,Completed,East,570.63
100026,147,2023-08-24,Store,Completed,East,80.71
102806,410,2024-02-23,Online,Completed,West,61.41
101943,266,2023-08-25,Store,Completed,North,94.64
101962,353,2024-11-10,Online,Completed,North,56.61
100401,102,2023-12-20,Store,Completed,South,85.87
102921,96,2024-11-01,Online,Completed,East,91.0
100683,286,2024-11-29,Online,Returned,North,506.12
100785,373,2023-10-11,Online,Completed,North,67.41
101853,334,2024-05-31,Store,Completed,West,241.56
101611,38,2023-12-25,Store,Completed,South,59.53
102887,451,2023-03-23,Online,Completed,North,59.9
101156,245,2023-10-14,Store,Completed,West,198.77
101176,107,2023-11-26,Online,Returned,West,162.68
102371,12,2024-07-07,Online,Completed,South,333.19
102970,374,2024-01-22,Online,Completed,West,209.66
101726,347,2023-07-05,Online,Completed,South,165.31
100426,567,2023-02-15,Online,Completed,West,145.82
100327,589,2024-04-17,Store,Completed,West,182.45
101000,29,2024-01-21,Store,Cancelled,South,47.2
102438,537,2023-03-06,Online,Cancelled,North,303.61
102411,153,2023-12-06,Online,Completed,West,16.05
101226,272,2023-02-08,Store,Completed,East,156.34
101106,574,2024-12-03,Online,Cancelled,North,239.49
101173,366,2023-12-19,Online,Completed,North,549.62
101015,544,2024-06-16,Store,Completed,West,490.56
102405,204,2024-10-24,Online,Completed,West,115.38
102655,107,2024-01-10,Store,Returned,West,158.46
102722,162,2024-10-14,Online,Completed,South,79.28
102215,584,2024-07-29,Online,Completed,West,28.88
102455,500,2024-11-07,Online,Completed,South,232.92
101757,67,2024-04-28,Online,Completed,East,62.3
101773,184,2024-04-13,Online,Completed,West,35.99
100684,342,2023-02-19,Store,Completed,South,253.25
102481,387,2024-07-04,Online,Completed,East,116.51
102511,373,2023-09-14,Store,Completed,North,292.18
101652,242,2023-12-24,Online,Completed,West,154.36
102179,260,2023-12-18,Online,Completed,North,217.3
101920,561,2023-02-10,Store,Completed,East,37.87
100594,244,2024-08-25,Store,Completed,East,137.67
101993,582,2024-05-09,Online,Completed,South,144.28
102492,355,2023-06-14,Store,Completed,South,265.33
101843,400,2023-07-12,Online,Completed,South,302.04
102253,276,2024-07-29,Online,Completed,North,29.51
100352,552,2024-07-01,Online,Completed,North,298.11
101344,445,2023-02-04,Store,Completed,North,404.76
101408,488,2023-03-25,Online,Completed,East,458.29
102672,102,2023-05-23,Store,Completed,South,48.75
101205,551,2023-06-30,Store,Completed,East,112.37
101790,517,2024-08-13,Online,Returned,East,310.82
102164,354,2023-05-12,Store,Completed,South,184.02
102736,308,2023-05-27,Online,Completed,East,299.86
100878,504,2023-04-29,Online,Completed,West,423.79
100860,139,2023-06-09,Online,Completed,East,174.17
100028,575,2024-08-06,Online,Completed,North,179.32
101567,379,2024-05-11,Store,Completed,East,73.89
101774,468,2023-05-27,Store,Completed,South,47.19
101416,245,2023-09-29,Store,Completed,West,442.35
101964,267,2023-06-24,Online,Cancelled,East,148.9
101008,126,2023-03-03,Online,Completed,West,31.64
101412,401,2024-02-12,Online,Cancelled,East,274.57
102196,241,2023-07-25,Online,Completed,West,114.83
100790,550,2024-09-07,Online,Completed,North,85.7
102838,94,2024-02-11,Online,Completed,South,59.82
100279,528,2024-09-23,Online,Completed,North,147.11
100072,441,2024-09-23,Online,Cancelled,West,5.01
100536,291,2023-01-10,Online,Completed,West,42.53
101504,586,2024-02-29,Store,Completed,West,249.42
102607,261,2023-09-02,Online,Completed,West,243.45
100632,364,2023-05-30,Online,Completed,South,85.05
101067,377,2023-06-11,Online,Completed,East,54.42
101636,277,2024-04-30,Store,Completed,North,15.65
102653,452,2024-10-31,Store,Completed,East,320.61
102234,339,2023-02-27,Store,Completed,South,244.5
101488,231,2023-03-31,Online,Completed,South,155.9
100112,316,2023-08-20,Online,Completed,East,394.21
101071,56,2024-12-14,Online,Completed,South,403.31
102718,520,2024-06-13,Store,Completed,South,156.92
100563,378,2023-06-22,Store,Completed,South,192.89
100698,213,2023-05-16,Online,Completed,West,69.52
101717,215,2024-10-15,Online,Completed,East,223.27
102252,193,2024-11-22,Store,Completed,North,124.94
102212,484,2024-12-28,Online,Completed,South,219.97
102152,293,2023-01-05,Online,Completed,East,128.31
100318,452,2023-04-27,Store,Completed,East,69.36
101245,108,2023-06-01,Store,Completed,East,284.37
101659,408,2024-06-17,Store,Completed,East,35.44
101697,117,2024-11-28,Online,Completed,East,170.61
101532,245,2024-11-28,Online,Completed,West,250.09
101298,133,2023-04-17,Store,Completed,North,515.14
101384,422,2023-04-09,Online,Completed,North,164.23
102303,431,2023-05-14,Store,Completed,South,136.02
101121,208,2023-12-06,Online,Completed,North,183.35
102647,467,2023-09-27,Online,Completed,West,117.2
101581,547,2023-01-30,Store,Completed,South,388.98
102520,509,2024-11-02,Online,Completed,East,207.07
101309,538,2024-12-26,Online,Cancelled,South,320.76
101280,271,2023-11-11,Store,Completed,West,390.04
101029,141,2024-08-04,Online,Completed,East,29.97
101940,346,2023-04-14,Online,Completed,West,27.4
100216,489,2024-02-03,Store,Cancelled,West,154.47
102105,543,2024-11-03,Store,Completed,North,59.94
101253,100,2024-01-18,Store,Completed,South,40.3
102135,589,2024-04-13,Online,Completed,West,131.48
102278,293,2024-10-10,Online,Completed,East,156.25
102876,582,2023-01-06,Store,Completed,South,65.97
100643,146,2024-10-04,Store,Completed,East,124.37
102918,185,2023-02-06,Online,Completed,East,201.44
100529,324,2023-05-24,Store,Completed,North,200.59
100970,451,2024-07-20,Online,Completed,North,595.33
101450,79,2024-06-19,Store,Completed,North,206.42
102997,11,2023-09-27,Online,Completed,North,36.63
101341,232,2023-06-16,Online,Completed,North,396.76
102172,367,2024-01-29,Online,Completed,East,160.81
102426,175,2024-10-07,Online,Completed,West,54.09
100326,120,2023-01-28,Online,Completed,East,405.9
100857,459,2023-03-22,Store,Completed,North,23.33
101383,182,2023-09-01,Online,Completed,West,223.3
101806,425,2023-07-24,Online,Returned,East,25.88
100120,461,2024-02-20,Online,Completed,East,140.8
102625,542,2023-08-26,Store,Returned,East,78.82
102568,124,2023-05-24,Online,Completed,South,106.18
100005,292,2023-04-11,Store,Completed,South,107.29
100030,398,2024-05-26,Online,Completed,West,23.11
102346,461,2024-01-05,Online,Completed,East,127.24
100292,300,2023-12-09,Online,Completed,West,110.1
101046,36,2023-07-27,Online,Cancelled,West,61.47
100935,326,2023-09-08,Online,Completed,South,189.16
102775,108,2023-05-14,Store,Completed,East,265.92
101306,525,2023-06-21,Online,Completed,East,44.59
101446,206,2023-08-21,Online,Completed,West,486.22
102136,323,2023-07-15,Online,Completed,West,86.72
100792,13,2024-09-14,Online,Completed,South,128.19
100722,530,2023-04-08,Online,Returned,North,90.81
100991,82,2023-08-27,Online,Completed,East,62.72
100314,192,2024-01-21,Store,Completed,East,24.9
102007,457,2023-04-26,Online,Completed,North,275.23
102479,190,2024-09-02,Store,Cancelled,West,71.14
100351,195,2024-02-15,Online,Completed,West,62.53
101916,111,2024-12-21,Store,Completed,East,293.06
100091,310,2024-03-16,Online,Completed,North,31.66
101805,244,2024-06-30,Store,Completed,East,272.29
101144,116,2024-09-20,Store,Completed,North,212.89
100971,448,2024-04-12,Online,Completed,North,45.96
102618,277,2024-11-06,Online,Completed,North,73.57
102309,250,2024-04-22,Online,Completed,East,249.44
102959,115,2024-05-30,Online,Completed,South,47.95
101747,375,2023-10-29,Store,Completed,South,373.47
101201,209,2024-08-12,Online,Completed,North,174.72
102953,398,2023-06-29,Online,Completed,West,32.3
100671,11,2023-08-05,Online,Completed,North,297.51
100265,413,2023-03-06,Store,Completed,East,73.55
100593,309,2023-08-03,Store,Completed,South,160.28
101894,240,2024-06-16,Store,Completed,South,58.55
102369,519,2024-01-31,Store,Completed,South,79.5
102264,496,2023-02-18,Store,Completed,East,183.56
102786,294,2024-12-15,Store,Returned,East,329.47
102067,432,2024-08-09,Store,Completed,North,42.7
102638,96,2023-02-17,Store,Cancelled,East,45.21
100738,461,2024-03-08,Online,Completed,East,604.39
101084,175,2024-11-24,Store,Completed,West,126.88
102795,128,2024-08-12,Online,Completed,West,204.79
100228,100,2023-03-31,Online,Completed,South,43.07
101987,269,2024-12-13,Online,Cancelled,East,184.93
102600,428,2024-06-06,Store,Completed,West,138.13
100952,113,2023-03-21,Online,Completed,South,97.92
102229,280,2023-01-26,Online,Completed,South,199.84
100905,588,2023-12-10,Online,Completed,South,53.22
102994,3,2024-07-02,Online,Completed,East,205.33
101959,470,2023-02-16,Online,Completed,North,248.81
100452,17,2024-02-10,Online,Completed,North,135.64
100585,315,2023-02-03,Store,Completed,South,378.2
102998,587,2023-09-12,Store,Completed,South,359.98
102818,95,2024-11-01,Online,Completed,East,81.99
101733,394,2023-07-07,Store,Completed,North,40.09
100820,590,2023-05-16,Online,Completed,South,331.58
101428,353,2023-09-27,Store,Completed,North,98.37
102740,260,2024-11-06,Store,Completed,North,118.91
100858,370,2024-06-07,Online,Completed,South,68.91
100926,242,2023-04-16,Online,Completed,West,52.97
100615,271,2024-12-21,Online,Completed,West,171.76
100463,329,2023-07-30,Online,Completed,South,30.75
101822,346,2023-04-16,Online,Completed,West,122.41
100749,316,2024-01-12,Online,Completed,East,94.78
102820,565,2024-12-05,Online,Completed,West,191.97
101395,18,2023-03-31,Online,Cancelled,East,120.97
102345,325,2023-12-06,Online,Completed,North,655.56
102054,437,2023-12-05,Online,Completed,West,45.45
101681,322,2023-11-29,Store,Completed,West,212.24
102954,450,2024-02-21,Online,Completed,North,483.45
100100,130,2024-06-23,Store,Completed,North,114.0
100444,410,2023-08-26,Online,Completed,West,92.74
101620,268,2023-02-20,Online,Completed,South,26.81
101166,501,2023-01-20,Store,Completed,West,183.21
102821,403,2023-11-20,Online,Completed,North,112.93
102143,377,2024-08-25,Online,Completed,East,79.17
100234,268,2024-06-08,Online,Completed,South,213.51
100483,383,2024-02-02,Store,Completed,East,67.51
101678,82,2023-12-11,Online,Cancelled,East,139.55
102401,417,2023-07-30,Online,Completed,West,407.76
101533,398,2024-12-11,Online,Returned,West,203.11
102353,294,2024-10-26,Online,Completed,East,403.95
102141,277,2024-10-10,Online,Completed,North,74.09
100822,517,2024-08-05,Online,Returned,East,111.67
101394,272,2024-03-13,Store,Completed,East,34.46
102730,133,2024-04-27,Online,Completed,North,146.3
101295,419,2023-08-15,Store,Cancelled,West,218.09
101458,154,2023-11-03,Online,Completed,West,605.34
101779,381,2023-12-07,Online,Completed,South,377.52
102606,493,2024-11-09,Online,Completed,South,432.74
102524,379,2024-09-26,Online,Completed,East,298.3
101308,372,2023-04-01,Online,Completed,East,243.09
101391,516,2023-02-25,Store,Completed,North,89.02
102744,473,2024-12-03,Online,Completed,West,149.52
102995,230,2023-01-10,Store,Completed,West,100.96
100633,567,2024-12-29,Online,Completed,West,65.29
102218,485,2024-08-07,Online,Completed,North,35.83
102307,449,2023-01-06,Online,Returned,West,48.64
100804,34,2023-10-30,Store,Completed,South,123.44
100515,307,2024-08-11,Store,Completed,South,111.66
100117,454,2024-10-27,Online,Completed,North,258.74
101117,574,2024-10-23,Store,Completed,North,68.32
100013,507,2024-07-30,Online,Returned,West,109.98
101722,319,2023-11-04,Online,Completed,East,36.19
101337,600,2024-08-14,Online,Completed,East,86.7
101824,414,2024-05-30,Online,Completed,West,59.22
101352,96,2023-06-24,Store,Completed,East,280.56
101997,89,2023-07-05,Store,Completed,West,62.52
101060,598,2023-08-01,Online,Completed,South,47.38
102400,246,2023-04-17,Online,Completed,West,150.68
100399,197,2024-05-27,Online,Completed,East,97.48
100978,331,2024-09-29,Online,Completed,North,67.15
101758,466,2023-07-19,Online,Completed,North,385.97
101317,48,2023-09-13,Online,Completed,North,158.83
100433,505,2024-11-24,Online,Completed,West,323.82
100410,317,2023-12-23,Online,Completed,East,212.66
100308,594,2024-12-12,Online,Completed,North,49.33
100421,65,2024-12-14,Online,Completed,East,198.11
100560,448,2023-08-19,Store,Completed,North,384.37
100388,362,2024-08-17,Store,Completed,North,338.42
101183,189,2023-08-13,Store,Completed,East,320.73
101694,220,2024-02-18,Store,Completed,South,33.05
100564,113,2024-04-13,Store,Completed,South,67.19
102842,224,2024-07-24,Online,Completed,East,297.39
102513,507,2023-07-22,Store,Completed,West,221.46
102211,488,2023-11-27,Online,Completed,East,156.46
101934,27,2024-11-16,Store,Cancelled,North,242.26
101453,387,2024-12-04,Online,Completed,East,1084.32
101199,443,2023-02-27,Store,Returned,East,209.14
100183,515,2024-09-11,Online,Completed,East,94.42
100155,198,2023-01-17,Online,Completed,North,336.0
101644,207,2024-09-14,Online,Completed,South,60.93
102824,50,2023-04-20,Store,Completed,East,362.83
101970,316,2023-04-06,Online,Completed,East,22.1
100500,235,2023-05-18,Online,Completed,North,135.21
102390,199,2024-06-30,Store,Completed,West,513.99
100409,68,2023-05-26,Online,Completed,South,178.03
101334,175,2024-01-20,Online,Completed,West,49.49
100891,287,2024-12-19,Online,Completed,North,366.31
100701,594,2023-06-12,Online,Completed,North,335.42
102499,343,2023-07-05,Online,Completed,East,283.81
100406,380,2024-03-01,Online,Completed,West,28.66
102947,379,2023-07-19,Online,Completed,East,85.65
102115,52,2024-10-10,Store,Completed,West,42.25
102661,391,2024-01-21,Store,Completed,East,110.07
100177,144,2023-02-24,Store,Completed,West,109.0
102436,97,2024-10-18,Online,Completed,North,297.7
101815,502,2024-10-03,Store,Completed,North,337.81
101939,444,2023-03-18,Online,Completed,South,569.26
100630,88,2023-05-16,Online,Completed,East,193.8
102123,124,2023-06-18,Online,Completed,South,22.79
101486,90,2023-11-24,Store,Completed,East,99.5
100007,303,2023-11-24,Online,Completed,East,157.62
102924,332,2023-03-30,Online,Completed,North,207.68
100678,203,2024-08-14,Online,Completed,South,134.61
101673,370,2023-11-02,Store,Completed,South,143.9
100294,291,2024-10-28,Store,Completed,West,150.83
100276,238,2024-10-02,Online,Completed,North,52.71
102220,247,2024-12-28,Store,Completed,East,95.21
102626,319,2023-03-06,Online,Completed,East,47.72
101223,541,2023-11-13,Online,Completed,East,263.2
101544,534,2023-01-21,Online,Completed,South,272.32
101519,56,2024-01-28,Store,Completed,South,336.82
100187,170,2023-12-01,Online,Completed,East,228.88
102393,4,2023-03-09,Online,Completed,West,610.5
101022,144,2023-04-08,Store,Cancelled,West,456.71
100963,308,2024-02-15,Online,Completed,East,240.58
102389,170,2024-07-04,Online,Completed,East,267.75
100349,465,2024-05-05,Store,Completed,West,163.31
101657,387,2023-11-06,Online,Completed,East,203.95
102055,112,2023-10-12,Online,Completed,South,30.6
102094,413,2024-04-12,Store,Completed,East,177.29
101715,34,2024-12-03,Store,Completed,South,560.67
100606,466,2023-03-02,Online,Completed,North,153.17
102342,57,2023-08-07,Store,Completed,East,128.14
100715,282,2023-11-09,Store,Completed,North,303.09
100623,549,2023-05-19,Online,Cancelled,West,196.84
101598,563,2024-10-12,Store,Completed,West,284.93
101155,322,2023-03-31,Online,Completed,West,409.11
102070,10,2024-05-25,Online,Completed,North,45.34
102248,475,2024-01-03,Online,Completed,West,288.06
102256,363,2024-07-28,Online,Completed,South,445.11
102554,262,2023-12-06,Store,Completed,East,142.96
100756,413,2023-05-27,Online,Completed,East,223.19
102452,418,2024-03-24,Online,Completed,West,82.7
100157,565,2024-08-24,Store,Completed,West,65.54
102461,349,2023-05-20,Online,Completed,North,46.3
100968,435,2023-12-02,Online,Completed,East,57.83
100734,462,2023-01-09,Store,Completed,North,380.44
101600,42,2024-11-28,Online,Completed,North,372.86
102285,182,2024-09-09,Online,Completed,West,46.17
101975,108,2024-02-15,Online,Completed,East,150.23
101713,477,2024-12-31,Store,Completed,West,241.43
100603,5,2023-05-23,Store,Completed,East,116.5
100229,496,2023-07-11,Online,Completed,East,519.93
100056,348,2024-02-27,Online,Completed,West,126.57
100035,306,2023-09-21,Online,Completed,South,45.48
100458,118,2024-03-15,Online,Completed,South,373.88
101630,172,2024-10-29,Store,Completed,West,486.68
100142,345,2024-08-03,Online,Completed,West,477.63
101400,284,2024-05-06,Online,Completed,East,183.03
101361,357,2024-05-09,Online,Completed,South,24.7
100357,326,2023-02-07,Online,Completed,South,318.07
101489,371,2024-02-02,Online,Completed,South,34.33
101865,364,2023-02-19,Online,Completed,South,887.66
100981,361,2024-01-13,Store,Completed,North,842.46
101707,323,2023-02-06,Online,Returned,West,49.01
101548,131,2023-10-15,Store,Completed,South,192.32
101864,179,2024-09-30,Store,Completed,South,373.2
100830,19,2023-01-18,Online,Completed,South,355.08
102288,184,2023-10-29,Online,Completed,West,105.82
100253,80,2024-08-08,Online,Completed,East,20.17
100267,86,2024-03-21,Online,Completed,East,436.82
102134,553,2023-08-09,Online,Completed,South,204.97
101072,55,2024-09-09,Store,Completed,South,62.64
101009,121,2023-05-26,Online,Completed,West,167.43
101114,417,2023-01-23,Online,Completed,West,63.54
100159,463,2024-12-30,Online,Returned,West,96.33
102650,545,2024-08-06,Online,Completed,North,193.26
102485,102,2023-08-04,Online,Completed,South,129.6
101370,383,2023-02-24,Online,Cancelled,East,362.67
102151,509,2024-05-25,Store,Completed,East,27.3
100011,129,2024-02-28,Store,Completed,North,582.78
102259,96,2024-06-07,Store,Completed,East,284.44
102281,300,2024-10-25,Online,Completed,West,653.34
102129,258,2024-09-17,Store,Completed,North,130.77
100668,311,2024-02-12,Store,Cancelled,East,441.58
101559,490,2024-03-02,Store,Completed,North,237.29
102825,465,2023-06-08,Online,Completed,West,141.02
100370,450,2024-10-24,Online,Completed,North,188.96
101818,332,2024-12-11,Store,Completed,North,198.94
102335,498,2024-03-01,Online,Completed,North,36.88
101445,228,2024-08-26,Online,Completed,West,507.82
102900,507,2024-10-17,Online,Completed,West,24.3
100273,370,2024-01-05,Store,Completed,South,80.95
100218,108,2024-01-05,Online,Completed,East,82.73
101302,242,2023-03-21,Store,Completed,West,43.75
102679,232,2023-10-15,Store,Completed,North,89.72
100356,251,2024-07-10,Store,Cancelled,East,34.53
101995,505,2024-11-25,Online,Completed,West,128.35
100681,149,2024-05-11,Online,Completed,East,210.02
101577,414,2024-02-18,Online,Completed,West,65.04
100415,49,2024-06-17,Online,Completed,North,187.58
100871,106,2024-12-16,Store,Completed,West,184.52
101315,435,2023-09-29,Online,Completed,East,502.52
101482,101,2024-10-04,Store,Completed,North,131.1
100827,64,2023-06-26,Store,Cancelled,South,329.99
100716,50,2024-12-17,Online,Completed,East,85.49
101449,503,2024-02-01,Online,Completed,West,207.4
101700,482,2024-11-02,Store,Completed,East,433.56
101523,148,2024-09-15,Online,Completed,West,999.14
102572,510,2024-10-03,Store,Completed,East,123.45
102976,360,2024-11-28,Online,Completed,West,70.14
100948,78,2023-09-12,Online,Completed,East,187.44
102980,265,2024-05-08,Online,Completed,West,329.74
102097,116,2023-02-25,Store,Completed,North,216.42
101809,354,2023-11-26,Online,Completed,South,226.32
102510,431,2023-03-10,Store,Cancelled,South,100.49
102035,275,2024-11-10,Online,Completed,East,211.05
100512,221,2024-03-04,Online,Completed,North,465.57
102981,417,2023-04-30,Online,Completed,West,178.95
102837,582,2024-11-27,Online,Completed,South,30.64
100427,590,2024-12-28,Online,Completed,South,317.44
100579,491,2023-08-12,Online,Completed,West,72.74
102420,21,2024-08-11,Store,Completed,East,54.29
102047,575,2024-04-25,Online,Completed,North,67.2
102855,9,2023-05-22,Online,Completed,North,305.2
100796,471,2024-11-05,Online,Completed,North,66.5
100156,163,2023-08-01,Store,Completed,West,190.56
100081,228,2023-01-13,Online,Completed,West,99.97
102548,520,2024-10-18,Online,Cancelled,South,156.91
100437,415,2023-06-28,Store,Completed,South,201.03
100307,423,2023-10-26,Online,Returned,East,114.93
100691,188,2023-06-11,Online,Completed,East,144.95
101171,423,2024-07-11,Store,Returned,East,349.07
102181,574,2024-04-08,Store,Completed,North,78.54
102318,556,2024-09-22,Online,Completed,North,88.35
102755,399,2023-01-17,Online,Completed,North,56.39
102717,367,2023-07-04,Store,Completed,East,59.37
102457,230,2024-04-30,Store,Completed,West,241.56
102843,355,2024-05-09,Online,Completed,South,35.69
100064,582,2023-08-12,Online,Completed,South,128.08
102162,473,2024-08-15,Store,Completed,West,147.48
100182,298,2023-12-15,Online,Completed,West,293.68
101083,581,2023-02-20,Store,Completed,East,210.87
100450,28,2024-11-04,Online,Completed,East,97.54
101187,442,2024-04-28,Store,Cancelled,East,116.21
100847,57,2024-02-16,Online,Completed,East,137.69
102375,358,2024-01-19,Store,Completed,West,89.01
101834,508,2024-09-02,Online,Completed,East,179.84
101244,597,2023-01-23,Online,Completed,North,148.06
101286,401,2024-12-19,Online,Completed,East,213.79
101570,294,2023-02-27,Store,Completed,East,38.51
101059,1,2024-01-02,Online,Completed,West,262.86
100774,40,2023-03-30,Online,Completed,West,170.12
100385,366,2024-06-06,Online,Completed,North,125.35
100250,155,2023-03-28,Online,Completed,East,129.73
100254,298,2024-06-17,Online,Completed,West,106.38
100284,21,2023-11-08,Online,Completed,East,54.06
102948,255,2024-04-10,Online,Completed,South,113.96
102533,549,2023-11-10,Store,Completed,West,370.77
102926,574,2024-02-14,Store,Completed,North,109.71
101011,590,2023-10-14,Online,Completed,South,49.12
101503,279,2023-04-26,Online,Completed,South,28.27
102376,401,2024-06-10,Online,Completed,East,51.15
100209,207,2023-03-26,Online,Completed,South,102.01
102451,463,2023-10-16,Store,Completed,West,190.84
101617,444,2023-10-19,Online,Completed,South,29.47
102546,59,2023-08-15,Online,Completed,East,163.56
102008,31,2024-02-26,Online,Completed,North,178.52
102989,413,2023-08-24,Online,Completed,East,110.14
102352,310,2024-07-28,Store,Completed,North,159.44
102742,118,2023-09-28,Online,Completed,South,154.37
101017,540,2024-12-18,Online,Completed,South,368.02
102539,202,2024-01-09,Online,Completed,North,109.15
102792,573,2023-12-25,Store,Completed,North,49.11
102668,542,2024-05-08,Store,Completed,East,128.23
100710,353,2024-10-26,Store,Completed,North,90.97
102091,491,2023-07-31,Online,Completed,West,162.1
101227,1,2023-04-03,Online,Completed,West,183.89
100899,133,2023-06-20,Online,Completed,North,374.82
101430,509,2024-04-21,Online,Completed,East,200.16
100951,591,2023-10-05,Online,Completed,South,184.58
100278,4,2024-08-31,Store,Completed,West,38.11
101143,415,2023-02-05,Store,Completed,South,289.82
100628,298,2023-05-10,Online,Completed,West,285.91
102609,260,2024-12-01,Online,Completed,North,42.21
100306,474,2023-11-23,Online,Completed,East,251.48
100029,587,2023-09-09,Online,Completed,South,218.56
101283,557,2023-05-11,Store,Completed,West,393.3
100000,552,2023-09-25,Online,Completed,North,38.89
102517,243,2024-01-01,Store,Completed,South,96.03
102908,15,2023-07-19,Online,Completed,South,207.44
101279,229,2024-01-23,Store,Completed,West,278.44
100946,265,2023-08-18,Online,Completed,West,51.28
102260,162,2024-12-13,Online,Completed,South,15.96
101456,377,2023-08-30,Online,Cancelled,East,79.07
102671,448,2024-05-28,Store,Completed,North,212.68
101041,568,2023-11-22,Store,Completed,South,65.89
100245,528,2024-01-30,Store,Completed,North,170.71
102735,398,2024-09-07,Online,Completed,West,112.6
101529,360,2023-05-28,Online,Completed,West,129.01
100061,587,2024-12-25,Online,Completed,South,59.72
101643,450,2023-09-16,Online,Completed,North,26.69
100772,524,2024-03-29,Store,Completed,West,286.14
101405,295,2023-06-24,Online,Completed,West,308.32
102831,547,2024-07-02,Online,Completed,South,165.53
101654,144,2023-09-16,Online,Completed,West,249.12
100296,533,2023-05-20,Online,Completed,South,207.89
100573,374,2024-07-10,Online,Completed,West,22.79
100535,358,2024-01-03,Online,Completed,West,261.96
100663,415,2024-11-11,Online,Completed,South,175.48
100372,26,2023-02-15,Online,Completed,West,134.31
101580,171,2024-08-05,Online,Completed,West,143.2
100928,580,2024-11-21,Store,Completed,South,259.4
100562,299,2023-10-23,Online,Completed,East,130.31
100634,149,2023-11-26,Store,Completed,East,157.85
101499,127,2024-09-30,Store,Completed,East,597.6
102836,376,2023-10-10,Online,Completed,East,29.84
101772,68,2024-08-06,Store,Completed,South,66.98
102627,498,2023-09-28,Store,Completed,North,114.94
101178,120,2023-10-04,Online,Completed,East,56.26
101119,437,2023-05-12,Online,Completed,West,42.64
101872,69,2023-02-19,Store,Completed,West,97.06
101055,510,2023-11-18,Online,Completed,East,545.79
100131,90,2024-05-26,Online,Completed,East,124.1
102800,213,2024-05-03,Store,Completed,West,216.33
100066,310,2024-04-11,Online,Completed,North,365.86
101801,105,2024-05-03,Online,Completed,East,145.63
102081,49,2024-07-24,Online,Completed,North,193.02
101625,4,2024-10-24,Store,Completed,West,84.83
101005,221,2023-09-01,Online,Completed,North,148.54
101228,412,2023-02-27,Online,Completed,North,231.11
102049,387,2023-06-19,Online,Completed,East,35.34
102859,22,2024-04-02,Online,Completed,East,196.47
100311,398,2024-08-12,Online,Completed,West,54.54
101451,187,2024-03-04,Store,Completed,North,45.78
102719,101,2024-02-20,Online,Completed,North,401.02
100331,141,2023-10-26,Online,Completed,East,161.6
102087,309,2024-10-14,Online,Completed,South,183.88
102570,165,2023-07-21,Online,Completed,South,92.18
100260,197,2023-10-03,Online,Completed,East,109.31
101979,388,2024-01-30,Store,Completed,West,115.54
101917,168,2024-02-24,Online,Completed,South,557.36
101527,205,2023-10-10,Online,Completed,East,64.88
102888,508,2024-09-15,Store,Completed,East,77.49
101300,52,2023-05-25,Online,Completed,West,154.03
101845,31,2024-02-18,Online,Completed,North,26.39
100478,77,2024-05-16,Store,Completed,West,117.25
100600,49,2024-03-14,Online,Completed,North,32.37
100778,471,2024-08-26,Store,Completed,North,119.72
100921,253,2024-08-03,Store,Completed,East,185.49
101464,179,2024-06-13,Store,Completed,South,233.79
101097,435,2023-05-24,Store,Completed,East,149.72
100702,494,2023-10-08,Online,Completed,East,91.23
100054,535,2023-02-19,Online,Completed,East,275.48
101138,161,2023-07-11,Online,Completed,North,281.28
101745,140,2023-09-24,Online,Completed,East,184.45
101725,471,2024-07-25,Online,Completed,North,157.15
100020,8,2024-08-16,Online,Completed,North,61.03
102061,30,2024-01-23,Online,Completed,South,155.94
102382,272,2024-10-29,Online,Completed,East,278.26
101047,113,2023-05-20,Online,Returned,South,51.12
101573,115,2023-03-09,Online,Completed,South,109.56
102328,11,2024-06-22,Online,Completed,North,81.09
100831,469,2024-08-24,Online,Completed,East,244.82
100312,440,2023-09-06,Store,Completed,North,96.08
102883,201,2023-03-07,Online,Completed,East,147.51
100059,26,2023-08-25,Online,Completed,West,425.02
102905,423,2024-11-03,Store,Completed,East,278.09
102737,569,2024-08-19,Online,Completed,West,112.72
100246,571,2023-01-13,Online,Completed,South,114.44
101440,295,2023-03-29,Online,Completed,West,191.71
101831,270,2023-10-25,Online,Completed,South,351.36
101850,143,2023-08-05,Store,Completed,North,12.0
102030,43,2024-03-19,Store,Completed,West,200.77
100369,375,2023-06-20,Store,Completed,South,160.98
101497,346,2023-01-13,Online,Completed,West,365.69
100781,96,2024-03-15,Store,Completed,East,136.61
100397,403,2024-08-25,Store,Completed,North,133.53
100533,110,2024-09-26,Online,Returned,East,131.78
100192,240,2024-05-17,Store,Cancelled,South,126.29
100079,171,2024-07-18,Store,Completed,West,37.03
100614,442,2023-11-28,Online,Completed,East,42.03
102841,259,2024-07-19,Online,Completed,West,206.99
101319,293,2023-03-11,Online,Completed,East,325.89
100550,167,2024-03-30,Online,Completed,North,44.29
102865,583,2024-02-15,Online,Completed,North,115.04
101432,288,2023-08-20,Online,Completed,North,223.03
101855,164,2023-05-07,Store,Returned,East,75.56
101476,401,2023-02-13,Store,Completed,East,176.15
100432,266,2023-04-22,Online,Completed,North,421.51
100042,250,2023-06-23,Store,Completed,East,103.64
100277,415,2024-05-22,Online,Cancelled,South,60.84
101136,99,2023-12-29,Store,Completed,South,176.42
100147,483,2024-12-01,Store,Completed,West,92.52
102750,61,2023-08-24,Online,Completed,West,22.66
101492,295,2024-07-19,Online,Completed,West,33.15
100890,460,2023-05-21,Online,Completed,South,266.46
102518,482,2023-05-12,Store,Completed,East,80.61
100226,203,2023-04-15,Online,Completed,South,108.02
100178,38,2023-04-11,Store,Completed,South,272.85
100571,196,2023-04-27,Store,Cancelled,West,115.13
102430,163,2023-01-18,Store,Completed,West,35.67
100468,480,2023-04-15,Online,Completed,West,148.26
100125,426,2023-02-27,Online,Completed,East,367.05
100947,447,2023-11-26,Online,Completed,East,236.22
101929,301,2023-01-14,Store,Completed,North,162.2
102794,2,2024-12-14,Online,Completed,North,108.83
100136,286,2023-04-08,Online,Completed,North,514.23
100833,436,2023-01-15,Online,Completed,North,217.43
101333,558,2024-07-13,Online,Completed,West,313.33
100301,371,2023-07-25,Store,Completed,South,99.39
101026,466,2024-02-08,Online,Completed,North,397.2
101113,394,2023-03-18,Store,Completed,North,222.22
101330,135,2024-05-19,Store,Completed,North,89.43
102612,396,2023-05-24,Store,Completed,East,145.55
100261,45,2023-11-05,Online,Completed,East,326.82
101137,181,2023-08-08,Online,Completed,North,200.75
100828,299,2024-04-27,Online,Completed,East,188.57
102957,485,2024-07-26,Store,Completed,North,174.75
101200,138,2023-08-13,Online,Completed,North,507.14
100168,513,2024-11-24,Store,Completed,East,104.23
100320,275,2023-07-24,Store,Completed,East,126.05
100708,597,2024-01-16,Online,Completed,North,71.93
102064,470,2023-03-22,Store,Completed,North,76.55
102595,187,2024-08-26,Online,Completed,North,40.43
101793,289,2023-04-01,Online,Completed,North,230.08
100824,94,2024-01-10,Online,Completed,South,385.99
102160,409,2023-07-01,Online,Completed,East,257.8
102689,393,2024-02-29,Online,Completed,West,573.7
102642,589,2023-04-16,Online,Completed,West,170.5
100965,137,2024-04-21,Store,Completed,West,141.32
102076,120,2023-01-19,Online,Cancelled,East,126.22
100115,594,2023-03-24,Store,Returned,North,177.36
102079,330,2024-02-27,Online,Completed,East,345.32
102549,35,2024-03-22,Online,Completed,West,24.44
100087,496,2023-01-18,Online,Completed,East,398.76
100927,200,2024-08-10,Store,Completed,North,121.46
102358,467,2024-04-01,Store,Completed,West,41.89
100382,257,2023-04-11,Online,Completed,East,436.8
101905,501,2023-10-17,Online,Completed,West,379.43
100520,323,2024-10-12,Online,Completed,West,92.21
102561,546,2024-07-18,Store,Completed,South,71.41
102146,197,2024-04-13,Online,Completed,East,535.46
100298,220,2023-11-25,Online,Completed,South,188.07
100912,45,2024-08-13,Online,Completed,East,12.19
102798,232,2023-05-18,Store,Completed,North,31.42
100485,4,2024-02-06,Online,Completed,West,418.17
101407,272,2023-10-26,Online,Completed,East,107.14
100543,141,2024-10-30,Store,Completed,East,93.73
101841,359,2024-05-16,Store,Completed,South,36.12
100787,375,2023-03-28,Online,Completed,South,87.2
100475,521,2023-04-27,Store,Completed,West,108.64
101276,366,2024-11-12,Online,Completed,North,81.13
102698,74,2023-06-15,Online,Completed,East,84.01
100582,186,2024-10-31,Online,Completed,South,99.52
100726,525,2023-03-21,Online,Completed,East,175.42
100679,289,2023-05-14,Store,Completed,North,256.12
102308,585,2023-12-05,Online,Completed,West,94.33
102726,273,2023-03-29,Online,Completed,South,323.97
102895,87,2023-10-21,Online,Completed,West,96.81
102299,195,2024-03-14,Online,Completed,West,245.83
101702,414,2023-10-30,Online,Returned,West,43.64
101624,99,2023-08-15,Store,Completed,South,423.15
101085,342,2023-11-03,Online,Completed,South,366.69
101385,312,2023-02-20,Online,Completed,North,90.51
101671,415,2024-09-15,Online,Returned,South,68.74
100522,12,2024-12-11,Store,Completed,South,163.33
102835,552,2024-09-18,Store,Completed,North,70.14
102175,587,2024-12-10,Online,Completed,South,176.41
102889,166,2023-02-08,Online,Completed,North,837.35
100983,51,2024-05-20,Store,Completed,South,497.59
102422,254,2023-09-22,Store,Completed,East,408.34
102939,112,2023-10-19,Online,Completed,South,43.91
102725,169,2023-10-18,Online,Completed,East,37.42
101606,324,2024-04-01,Store,Completed,North,231.43
100154,600,2023-11-19,Store,Completed,East,153.03
102909,45,2023-02-04,Online,Completed,East,251.29
101392,109,2024-01-05,Online,Returned,South,52.89
102458,313,2023-06-10,Store,Completed,West,184.17
102935,331,2024-12-21,Store,Completed,North,415.05
102221,332,2024-03-03,Online,Completed,North,169.38
102190,485,2024-07-14,Online,Completed,North,136.0
100566,42,2024-05-22,Online,Completed,North,27.38
101618,160,2023-01-29,Online,Completed,East,76.34
100394,160,2024-02-05,Store,Completed,East,30.73
100044,116,2024-07-13,Online,Completed,North,77.62
100548,377,2024-03-01,Store,Completed,East,49.78
102807,438,2023-09-21,Online,Completed,West,69.55
100203,43,2023-03-29,Store,Completed,West,158.07
101810,555,2024-06-27,Online,Completed,West,52.77
100652,465,2023-10-12,Store,Completed,West,148.75
102183,386,2023-05-22,Online,Cancelled,West,329.9
102789,350,2023-08-23,Online,Cancelled,East,175.2
102132,397,2023-05-04,Online,Completed,North,121.7
101177,322,2024-02-02,Online,Completed,West,106.57
102971,148,2024-07-30,Online,Completed,West,272.97
102237,445,2023-06-14,Store,Completed,North,286.43
101588,112,2024-04-12,Store,Completed,South,688.63
102325,471,2023-03-16,Store,Returned,North,81.93
100737,557,2023-05-04,Online,Completed,West,158.47
100186,175,2024-02-11,Online,Completed,West,171.99
102952,566,2023-09-25,Store,Completed,South,152.87
102784,543,2024-01-15,Online,Completed,North,121.23
102696,242,2023-08-04,Store,Completed,West,301.79
101729,75,2024-04-27,Store,Completed,South,128.58
100990,318,2023-01-25,Store,Completed,South,125.74
102462,5,2024-02-05,Store,Completed,East,256.09
100486,321,2024-08-24,Store,Completed,South,42.72
101023,360,2024-06-01,Store,Completed,West,143.79
101101,383,2023-08-16,Store,Completed,East,178.92
100879,381,2024-04-09,Store,Completed,South,54.34
101676,341,2024-05-08,Online,Completed,East,26.65
100761,358,2024-09-16,Online,Completed,West,192.35
102178,278,2024-02-12,Online,Completed,South,177.93
102943,491,2023-12-22,Online,Completed,West,123.95
100842,526,2024-12-30,Store,Completed,South,62.26
100898,591,2023-09-23,Online,Completed,South,415.54
101574,529,2023-11-15,Online,Completed,East,130.89
102791,63,2024-01-26,Online,Completed,North,67.15
102298,150,2023-02-11,Online,Completed,East,237.41
102210,467,2024-10-14,Online,Completed,West,66.79
101180,270,2023-01-27,Online,Completed,South,35.06
100185,452,2024-09-01,Online,Completed,East,247.74
102066,578,2024-03-30,Online,Completed,East,120.3
100685,364,2023-02-17,Online,Completed,South,125.18
102885,491,2023-08-16,Online,Completed,West,324.33
102330,36,2023-07-08,Online,Cancelled,West,40.86
102868,16,2024-09-20,Online,Completed,East,87.06
101751,280,2023-02-24,Online,Completed,South,104.66
101668,16,2024-07-28,Online,Completed,East,170.73
101130,445,2024-05-23,Online,Completed,North,51.81
100210,567,2023-10-02,Online,Completed,West,121.43
100764,358,2024-03-26,Online,Completed,West,1038.79
100489,19,2023-12-27,Online,Completed,South,126.01
100297,170,2023-11-04,Online,Completed,East,226.59
100811,260,2023-09-04,Online,Completed,North,164.02
102083,245,2023-01-01,Store,Returned,West,331.72
101854,189,2023-06-23,Store,Completed,East,238.26
101281,38,2024-12-06,Online,Completed,South,36.76
101756,290,2023-03-14,Online,Completed,West,130.86
102312,594,2023-02-10,Store,Completed,North,45.34
102177,597,2023-10-08,Store,Completed,North,74.63
100374,98,2024-10-22,Store,Cancelled,North,80.6
101638,168,2024-10-24,Online,Completed,South,130.01
101743,553,2023-12-06,Online,Completed,South,265.72
